Mapping ID,SIC code,SIC description,DIT full sector name,DIT sector
SIC-SEC-106,1110,"Growing of cereals (except rice), leguminous crops and oil seeds","Agriculture, horticulture, fisheries and pets : Arable crops","Agriculture, horticulture, fisheries and pets"
SIC-SEC-107,1120,Growing of rice,"Agriculture, horticulture, fisheries and pets : Arable crops","Agriculture, horticulture, fisheries and pets"
SIC-SEC-129,1130,"Growing of vegetables and melons, roots and tubers","Agriculture, horticulture, fisheries and pets : Horticulture : Fruit and vegetable production","Agriculture, horticulture, fisheries and pets"
SIC-SEC-108,1140,Growing of sugar cane,"Agriculture, horticulture, fisheries and pets : Arable crops","Agriculture, horticulture, fisheries and pets"
SIC-SEC-130,1150,Growing of tobacco,"Agriculture, horticulture, fisheries and pets : Horticulture : Fruit and vegetable production","Agriculture, horticulture, fisheries and pets"
SIC-SEC-109,1160,Growing of fibre crops,"Agriculture, horticulture, fisheries and pets : Arable crops","Agriculture, horticulture, fisheries and pets"
SIC-SEC-131,1190,Growing of other non-perennial crops,"Agriculture, horticulture, fisheries and pets : Horticulture : Fruit and vegetable production","Agriculture, horticulture, fisheries and pets"
SIC-SEC-132,1210,Growing of grapes,"Agriculture, horticulture, fisheries and pets : Horticulture : Fruit and vegetable production","Agriculture, horticulture, fisheries and pets"
SIC-SEC-133,1220,Growing of tropical and subtropical fruits,"Agriculture, horticulture, fisheries and pets : Horticulture : Fruit and vegetable production","Agriculture, horticulture, fisheries and pets"
SIC-SEC-134,1230,Growing of citrus fruits,"Agriculture, horticulture, fisheries and pets : Horticulture : Fruit and vegetable production","Agriculture, horticulture, fisheries and pets"
SIC-SEC-135,1240,Growing of pome fruits and stone fruits,"Agriculture, horticulture, fisheries and pets : Horticulture : Fruit and vegetable production","Agriculture, horticulture, fisheries and pets"
SIC-SEC-136,1250,Growing of other tree and bush fruits and nuts,"Agriculture, horticulture, fisheries and pets : Horticulture : Fruit and vegetable production","Agriculture, horticulture, fisheries and pets"
SIC-SEC-137,1260,Growing of oleaginous fruits,"Agriculture, horticulture, fisheries and pets : Horticulture : Fruit and vegetable production","Agriculture, horticulture, fisheries and pets"
SIC-SEC-126,1270,Growing of beverage crops,"Agriculture, horticulture, fisheries and pets : Horticulture","Agriculture, horticulture, fisheries and pets"
SIC-SEC-127,1280,"Growing of spices, aromatic, drug and pharmaceutical crops","Agriculture, horticulture, fisheries and pets : Horticulture","Agriculture, horticulture, fisheries and pets"
SIC-SEC-128,1290,Growing of other perennial crops,"Agriculture, horticulture, fisheries and pets : Horticulture","Agriculture, horticulture, fisheries and pets"
SIC-SEC-124,1300,Plant propagation,"Agriculture, horticulture, fisheries and pets : Horticulture","Agriculture, horticulture, fisheries and pets"
SIC-SEC-138,1410,Raising of dairy cattle,"Agriculture, horticulture, fisheries and pets : Livestock, pets and horses","Agriculture, horticulture, fisheries and pets"
SIC-SEC-139,1420,Raising of other cattle and buffaloes,"Agriculture, horticulture, fisheries and pets : Livestock, pets and horses","Agriculture, horticulture, fisheries and pets"
SIC-SEC-140,1430,Raising of horses and other equines,"Agriculture, horticulture, fisheries and pets : Livestock, pets and horses","Agriculture, horticulture, fisheries and pets"
SIC-SEC-141,1440,Raising of camels and camelids,"Agriculture, horticulture, fisheries and pets : Livestock, pets and horses","Agriculture, horticulture, fisheries and pets"
SIC-SEC-142,1450,Raising of sheep and goats,"Agriculture, horticulture, fisheries and pets : Livestock, pets and horses","Agriculture, horticulture, fisheries and pets"
SIC-SEC-143,1460,Raising of swine/pigs,"Agriculture, horticulture, fisheries and pets : Livestock, pets and horses","Agriculture, horticulture, fisheries and pets"
SIC-SEC-144,1470,Raising of poultry,"Agriculture, horticulture, fisheries and pets : Livestock, pets and horses","Agriculture, horticulture, fisheries and pets"
SIC-SEC-145,1490,Raising of other animals,"Agriculture, horticulture, fisheries and pets : Livestock, pets and horses","Agriculture, horticulture, fisheries and pets"
SIC-SEC-099,1500,Mixed farming,"Agriculture, horticulture, fisheries and pets","Agriculture, horticulture, fisheries and pets"
SIC-SEC-110,1610,Support activities for crop production,"Agriculture, horticulture, fisheries and pets : Arable crops","Agriculture, horticulture, fisheries and pets"
SIC-SEC-149,1621,Farm animal boarding and care,"Agriculture, horticulture, fisheries and pets : Livestock, pets and horses : Health, welfare and veterinary services","Agriculture, horticulture, fisheries and pets"
SIC-SEC-146,1629,Support activities for animal production (other than farm animal boarding and care) n.e.c.,"Agriculture, horticulture, fisheries and pets : Livestock, pets and horses","Agriculture, horticulture, fisheries and pets"
SIC-SEC-113,1630,Post-harvest crop activities,"Agriculture, horticulture, fisheries and pets : Arable crops : Harvest and early stage processing","Agriculture, horticulture, fisheries and pets"
SIC-SEC-114,1640,Seed processing for propagation,"Agriculture, horticulture, fisheries and pets : Arable crops : Seeds and plant varieties","Agriculture, horticulture, fisheries and pets"
SIC-SEC-100,1700,"Hunting, trapping and related service activities","Agriculture, horticulture, fisheries and pets","Agriculture, horticulture, fisheries and pets"
SIC-SEC-121,2100,Silviculture and other forestry activities,"Agriculture, horticulture, fisheries and pets : Forestry and logging","Agriculture, horticulture, fisheries and pets"
SIC-SEC-122,2200,Logging,"Agriculture, horticulture, fisheries and pets : Forestry and logging","Agriculture, horticulture, fisheries and pets"
SIC-SEC-101,2300,Gathering of wild growing non-wood products,"Agriculture, horticulture, fisheries and pets","Agriculture, horticulture, fisheries and pets"
SIC-SEC-123,2400,Support services to forestry,"Agriculture, horticulture, fisheries and pets : Forestry and logging","Agriculture, horticulture, fisheries and pets"
SIC-SEC-117,3110,Marine fishing,"Agriculture, horticulture, fisheries and pets : Fisheries and aquaculture","Agriculture, horticulture, fisheries and pets"
SIC-SEC-118,3120,Freshwater fishing,"Agriculture, horticulture, fisheries and pets : Fisheries and aquaculture","Agriculture, horticulture, fisheries and pets"
SIC-SEC-119,3210,Marine aquaculture,"Agriculture, horticulture, fisheries and pets : Fisheries and aquaculture : Nutrition and husbandry","Agriculture, horticulture, fisheries and pets"
SIC-SEC-120,3220,Freshwater aquaculture,"Agriculture, horticulture, fisheries and pets : Fisheries and aquaculture : Nutrition and husbandry","Agriculture, horticulture, fisheries and pets"
SIC-SEC-671,5101,Deep coal mines,Mining,Mining
SIC-SEC-672,5102,Open cast coal working,Mining,Mining
SIC-SEC-673,5200,Mining of lignite,Mining,Mining
SIC-SEC-478,6100,Extraction of crude petroleum,Energy : Oil and gas,Energy
SIC-SEC-479,6200,Extraction of natural gas,Energy : Oil and gas,Energy
SIC-SEC-674,7100,Mining of iron ores,Mining,Mining
SIC-SEC-675,7210,Mining of uranium and thorium ores,Mining,Mining
SIC-SEC-676,7290,Mining of other non-ferrous metal ores,Mining,Mining
SIC-SEC-677,8110,"Quarrying of ornamental and building stone, limestone, gypsum, chalk and slate",Mining,Mining
SIC-SEC-678,8120,Operation of gravel and sand pits; mining of clays and kaolin,Mining,Mining
SIC-SEC-679,8910,Mining of chemical and fertilizer minerals,Mining,Mining
SIC-SEC-680,8920,Extraction of peat,Mining,Mining
SIC-SEC-681,8930,Extraction of salt,Mining,Mining
SIC-SEC-682,8990,Other mining and quarrying n.e.c.,Mining,Mining
SIC-SEC-480,9100,Support activities for petroleum and natural gas extraction,Energy : Oil and gas,Energy
SIC-SEC-683,9900,Support activities for other mining and quarrying,Mining,Mining
SIC-SEC-626,10110,Processing and preserving of meat,Food and drink : Meat products,Food and drink
SIC-SEC-627,10120,Processing and preserving of poultry meat,Food and drink : Meat products,Food and drink
SIC-SEC-628,10130,Production of meat and poultry meat products,Food and drink : Meat products,Food and drink
SIC-SEC-597,10200,"Processing and preserving of fish, crustaceans and molluscs",Food and drink,Food and drink
SIC-SEC-621,10310,Processing and preserving of potatoes,Food and drink : Fruit and vegetables,Food and drink
SIC-SEC-622,10320,Manufacture of fruit and vegetable juice,Food and drink : Fruit and vegetables,Food and drink
SIC-SEC-623,10390,Other processing and preserving of fruit and vegetables,Food and drink : Fruit and vegetables,Food and drink
SIC-SEC-637,10410,Manufacture of oils and fats,Food and drink : Secondary food processing,Food and drink
SIC-SEC-638,10420,Manufacture of margarine and similar edible fats,Food and drink : Secondary food processing,Food and drink
SIC-SEC-608,10511,Liquid milk and cream production,Food and drink : Dairy products,Food and drink
SIC-SEC-609,10512,Butter and cheese production,Food and drink : Dairy products,Food and drink
SIC-SEC-610,10519,Manufacture of other milk products,Food and drink : Dairy products,Food and drink
SIC-SEC-611,10520,Manufacture of ice cream,Food and drink : Dairy products,Food and drink
SIC-SEC-639,10611,Grain milling,Food and drink : Secondary food processing,Food and drink
SIC-SEC-613,10612,Manufacture of breakfast cereals and cereals-based food,Food and drink : Food and drink manufacturing,Food and drink
SIC-SEC-640,10620,Manufacture of starches and starch products,Food and drink : Secondary food processing,Food and drink
SIC-SEC-604,10710,Manufacture of bread; manufacture of fresh pastry goods and cakes,Food and drink : Bakery products,Food and drink
SIC-SEC-605,10720,Manufacture of rusks and biscuits; manufacture of preserved pastry goods and cakes,Food and drink : Bakery products,Food and drink
SIC-SEC-614,10730,"Manufacture of macaroni, noodles, couscous and similar farinaceous products",Food and drink : Food and drink manufacturing,Food and drink
SIC-SEC-620,10810,Manufacture of sugar,Food and drink : Food and drink manufacturing,Food and drink
SIC-SEC-615,10821,Manufacture of cocoa and chocolate confectionery,Food and drink : Food and drink manufacturing,Food and drink
SIC-SEC-616,10822,Manufacture of sugar confectionery,Food and drink : Food and drink manufacturing,Food and drink
SIC-SEC-633,10831,Tea processing,Food and drink : Non-alcoholic drinks,Food and drink
SIC-SEC-634,10832,Production of coffee and coffee substitutes,Food and drink : Non-alcoholic drinks,Food and drink
SIC-SEC-617,10840,Manufacture of condiments and seasonings,Food and drink : Food and drink manufacturing,Food and drink
SIC-SEC-636,10850,Manufacture of prepared meals and dishes,Food and drink : Ready meals,Food and drink
SIC-SEC-618,10860,Manufacture of homogenized food preparations and dietetic food,Food and drink : Food and drink manufacturing,Food and drink
SIC-SEC-619,10890,Manufacture of other food products n.e.c.,Food and drink : Food and drink manufacturing,Food and drink
SIC-SEC-151,10910,Manufacture of prepared feeds for farm animals,"Agriculture, horticulture, fisheries and pets : Livestock, pets and horses : Livestock feed and nutrition","Agriculture, horticulture, fisheries and pets"
SIC-SEC-635,10920,Manufacture of prepared pet foods,Food and drink : Pet food,Food and drink
SIC-SEC-599,11010,"Distilling, rectifying and blending of spirits",Food and drink : Alcoholic drinks,Food and drink
SIC-SEC-600,11020,Manufacture of wine from grape,Food and drink : Alcoholic drinks,Food and drink
SIC-SEC-601,11030,Manufacture of cider and other fruit wines,Food and drink : Alcoholic drinks,Food and drink
SIC-SEC-602,11040,Manufacture of other non-distilled fermented beverages,Food and drink : Alcoholic drinks,Food and drink
SIC-SEC-607,11050,Manufacture of beer,Food and drink : Brewing,Food and drink
SIC-SEC-612,11060,Manufacture of malt,Food and drink : Food and drink manufacturing,Food and drink
SIC-SEC-631,11070,Manufacture of soft drinks; production of mineral waters and other bottled waters,Food and drink : Non-alcoholic drinks,Food and drink
SIC-SEC-586,12000,Manufacture of tobacco products,Food and drink,Food and drink
SIC-SEC-369,13100,Preparation and spinning of textile fibres,"Consumer and retail : Textiles, interior textiles and carpets",Consumer and retail
SIC-SEC-370,13200,Weaving of textiles,"Consumer and retail : Textiles, interior textiles and carpets",Consumer and retail
SIC-SEC-371,13300,Finishing of textiles,"Consumer and retail : Textiles, interior textiles and carpets",Consumer and retail
SIC-SEC-372,13910,Manufacture of knitted and crocheted fabrics,"Consumer and retail : Textiles, interior textiles and carpets",Consumer and retail
SIC-SEC-325,13921,Manufacture of soft furnishings,Consumer and retail : Furniture and furnishings,Consumer and retail
SIC-SEC-373,13922,"Manufacture of canvas goods, sacks, etc.","Consumer and retail : Textiles, interior textiles and carpets",Consumer and retail
SIC-SEC-374,13923,Manufacture of household textiles,"Consumer and retail : Textiles, interior textiles and carpets",Consumer and retail
SIC-SEC-375,13931,Manufacture of woven or tufted carpets and rugs,"Consumer and retail : Textiles, interior textiles and carpets",Consumer and retail
SIC-SEC-376,13939,Manufacture of other carpets and rugs,"Consumer and retail : Textiles, interior textiles and carpets",Consumer and retail
SIC-SEC-377,13940,"Manufacture of cordage, rope, twine and netting","Consumer and retail : Textiles, interior textiles and carpets",Consumer and retail
SIC-SEC-378,13950,"Manufacture of non-wovens and articles made from non-wovens, except apparel","Consumer and retail : Textiles, interior textiles and carpets",Consumer and retail
SIC-SEC-379,13960,Manufacture of other technical and industrial textiles,"Consumer and retail : Textiles, interior textiles and carpets",Consumer and retail
SIC-SEC-380,13990,Manufacture of other textiles n.e.c.,"Consumer and retail : Textiles, interior textiles and carpets",Consumer and retail
SIC-SEC-301,14110,Manufacture of leather clothes,"Consumer and retail : Clothing, footwear and fashion",Consumer and retail
SIC-SEC-287,14120,Manufacture of workwear,"Consumer and retail : Clothing, footwear and fashion",Consumer and retail
SIC-SEC-303,14131,Manufacture of other men's outerwear,"Consumer and retail : Clothing, footwear and fashion : Men's apparel",Consumer and retail
SIC-SEC-305,14132,Manufacture of other women's outerwear,"Consumer and retail : Clothing, footwear and fashion : Women's apparel",Consumer and retail
SIC-SEC-304,14141,Manufacture of men's underwear,"Consumer and retail : Clothing, footwear and fashion : Men's apparel",Consumer and retail
SIC-SEC-306,14142,Manufacture of women's underwear,"Consumer and retail : Clothing, footwear and fashion : Women's apparel",Consumer and retail
SIC-SEC-288,14190,Manufacture of other wearing apparel and accessories n.e.c.,"Consumer and retail : Clothing, footwear and fashion",Consumer and retail
SIC-SEC-289,14200,Manufacture of articles of fur,"Consumer and retail : Clothing, footwear and fashion",Consumer and retail
SIC-SEC-299,14310,Manufacture of knitted and crocheted hosiery,"Consumer and retail : Clothing, footwear and fashion",Consumer and retail
SIC-SEC-300,14390,Manufacture of other knitted and crocheted apparel,"Consumer and retail : Clothing, footwear and fashion",Consumer and retail
SIC-SEC-290,15110,Tanning and dressing of leather; dressing and dyeing of fur,"Consumer and retail : Clothing, footwear and fashion",Consumer and retail
SIC-SEC-302,15120,"Manufacture of luggage, handbags and the like, saddlery and harness","Consumer and retail : Clothing, footwear and fashion : Accessories, bags and luggage",Consumer and retail
SIC-SEC-291,15200,Manufacture of footwear,"Consumer and retail : Clothing, footwear and fashion",Consumer and retail
SIC-SEC-202,16100,Sawmilling and planing of wood,Construction,Construction
SIC-SEC-204,16210,Manufacture of veneer sheets and wood-based panels,Construction,Construction
SIC-SEC-205,16220,Manufacture of assembled parquet floors,Construction,Construction
SIC-SEC-206,16230,Manufacture of other builders' carpentry and joinery,Construction,Construction
SIC-SEC-207,16240,Manufacture of wooden containers,Construction,Construction
SIC-SEC-253,16290,"Manufacture of other products of wood; manufacture of articles of cork, straw and plaiting materials",Construction,Construction
SIC-SEC-025,17110,Manufacture of pulp,Advanced engineering,Advanced engineering
SIC-SEC-026,17120,Manufacture of paper and paperboard,Advanced engineering,Advanced engineering
SIC-SEC-027,17211,"Manufacture of corrugated paper and paperboard, sacks and bags",Advanced engineering,Advanced engineering
SIC-SEC-028,17219,Manufacture of other paper and paperboard containers,Advanced engineering,Advanced engineering
SIC-SEC-327,17220,Manufacture of household and sanitary goods and of toilet requisites,Consumer and retail : Household goods,Consumer and retail
SIC-SEC-396,17230,Manufacture of paper stationery,"Creative industries : Books, printed media and stationery",Creative industries
SIC-SEC-324,17240,Manufacture of wallpaper,Consumer and retail : Furniture and furnishings,Consumer and retail
SIC-SEC-033,17290,Manufacture of other articles of paper and paperboard n.e.c.,Advanced engineering,Advanced engineering
SIC-SEC-397,18110,Printing of newspapers,"Creative industries : Books, printed media and stationery",Creative industries
SIC-SEC-398,18121,Manufacture of printed labels,"Creative industries : Books, printed media and stationery",Creative industries
SIC-SEC-399,18129,Printing n.e.c.,"Creative industries : Books, printed media and stationery",Creative industries
SIC-SEC-400,18130,Pre-press and pre-media services,"Creative industries : Books, printed media and stationery",Creative industries
SIC-SEC-401,18140,Binding and related services,"Creative industries : Books, printed media and stationery",Creative industries
SIC-SEC-432,18201,Reproduction of sound recording,Creative industries : Media services,Creative industries
SIC-SEC-433,18202,Reproduction of video recording,Creative industries : Media services,Creative industries
SIC-SEC-434,18203,Reproduction of computer media,Creative industries : Media services,Creative industries
SIC-SEC-469,19100,Manufacture of coke oven products,Energy : Oil and gas,Energy
SIC-SEC-470,19201,Mineral oil refining,Energy : Oil and gas,Energy
SIC-SEC-471,19209,Other treatment of petroleum products (excluding petrochemicals manufacture),Energy : Oil and gas,Energy
SIC-SEC-189,20110,Manufacture of industrial gases,Chemicals,Chemicals
SIC-SEC-186,20120,Manufacture of dyes and pigments,Chemicals,Chemicals
SIC-SEC-190,20130,Manufacture of other inorganic basic chemicals,Chemicals : Basic chemicals,Chemicals
SIC-SEC-191,20140,Manufacture of other organic basic chemicals,Chemicals : Basic chemicals,Chemicals
SIC-SEC-111,20150,Manufacture of fertilizers and nitrogen compounds,"Agriculture, horticulture, fisheries and pets : Arable crops : Fertilisers and pesticides","Agriculture, horticulture, fisheries and pets"
SIC-SEC-090,20160,Manufacture of plastics in primary forms,"Advanced engineering : Metals, minerals and materials : Plastics",Advanced engineering
SIC-SEC-064,20170,Manufacture of synthetic rubber in primary forms,"Advanced engineering : Metals, minerals and materials : Elastomers and rubbers",Advanced engineering
SIC-SEC-112,20200,Manufacture of pesticides and other agrochemical products,"Agriculture, horticulture, fisheries and pets : Arable crops : Fertilisers and pesticides","Agriculture, horticulture, fisheries and pets"
SIC-SEC-199,20301,"Manufacture of paints, varnishes and similar coatings, mastics and sealants","Chemicals : Paint, coating and adhesive products",Chemicals
SIC-SEC-187,20302,Manufacture of printing ink,Chemicals,Chemicals
SIC-SEC-192,20411,Manufacture of soap and detergents,Chemicals : Cleaning preparations,Chemicals
SIC-SEC-193,20412,Manufacture of cleaning and polishing preparations,Chemicals : Cleaning preparations,Chemicals
SIC-SEC-194,20420,Manufacture of perfumes and toilet preparations,Chemicals : Miscellaneous chemicals,Chemicals
SIC-SEC-197,20510,Manufacture of explosives,Chemicals : Miscellaneous chemicals,Chemicals
SIC-SEC-195,20520,Manufacture of glues,Chemicals : Miscellaneous chemicals,Chemicals
SIC-SEC-196,20530,Manufacture of essential oils,Chemicals : Miscellaneous chemicals,Chemicals
SIC-SEC-198,20590,Manufacture of other chemical products n.e.c.,Chemicals : Miscellaneous chemicals,Chemicals
SIC-SEC-203,20600,Manufacture of man-made fibres,Chemicals : Synthetic materials,Chemicals
SIC-SEC-684,21100,Manufacture of basic pharmaceutical products,Pharmaceuticals and biotechnology : Manufacturing,Pharmaceuticals and biotechnology
SIC-SEC-685,21200,Manufacture of pharmaceutical preparations,Pharmaceuticals and biotechnology : Manufacturing,Pharmaceuticals and biotechnology
SIC-SEC-065,22110,Manufacture of rubber tyres and tubes; retreading and rebuilding of rubber tyres,"Advanced engineering : Metals, minerals and materials : Elastomers and rubbers",Advanced engineering
SIC-SEC-066,22190,Manufacture of other rubber products,"Advanced engineering : Metals, minerals and materials : Elastomers and rubbers",Advanced engineering
SIC-SEC-091,22210,"Manufacture of plastic plates, sheets, tubes and profiles","Advanced engineering : Metals, minerals and materials : Plastics",Advanced engineering
SIC-SEC-092,22220,Manufacture of plastic packing goods,"Advanced engineering : Metals, minerals and materials : Plastics",Advanced engineering
SIC-SEC-093,22230,Manufacture of builders ware of plastic,"Advanced engineering : Metals, minerals and materials : Plastics",Advanced engineering
SIC-SEC-094,22290,Manufacture of other plastic products,"Advanced engineering : Metals, minerals and materials : Plastics",Advanced engineering
SIC-SEC-056,23110,Manufacture of flat glass,"Advanced engineering : Metals, minerals and materials",Advanced engineering
SIC-SEC-057,23120,Shaping and processing of flat glass,"Advanced engineering : Metals, minerals and materials",Advanced engineering
SIC-SEC-058,23130,Manufacture of hollow glass,"Advanced engineering : Metals, minerals and materials",Advanced engineering
SIC-SEC-047,23140,Manufacture of glass fibres,"Advanced engineering : Metals, minerals and materials",Advanced engineering
SIC-SEC-048,23190,"Manufacture and processing of other glass, including technical glassware","Advanced engineering : Metals, minerals and materials",Advanced engineering
SIC-SEC-005,23200,Manufacture of refractory products,Advanced engineering,Advanced engineering
SIC-SEC-059,23310,Manufacture of ceramic tiles and flags,"Advanced engineering : Metals, minerals and materials : Ceramics",Advanced engineering
SIC-SEC-208,23320,"Manufacture of bricks, tiles and construction products, in baked clay",Construction,Construction
SIC-SEC-326,23410,Manufacture of ceramic household and ornamental articles,Consumer and retail : Giftware,Consumer and retail
SIC-SEC-062,23420,Manufacture of ceramic sanitary fixtures,"Advanced engineering : Metals, minerals and materials : Ceramics",Advanced engineering
SIC-SEC-061,23430,Manufacture of ceramic insulators and insulating fittings,"Advanced engineering : Metals, minerals and materials : Ceramics",Advanced engineering
SIC-SEC-060,23440,Manufacture of other technical ceramic products,"Advanced engineering : Metals, minerals and materials : Ceramics",Advanced engineering
SIC-SEC-063,23490,Manufacture of other ceramic products n.e.c.,"Advanced engineering : Metals, minerals and materials : Ceramics",Advanced engineering
SIC-SEC-209,23510,Manufacture of cement,Construction,Construction
SIC-SEC-210,23520,Manufacture of lime and plaster,Construction,Construction
SIC-SEC-211,23610,Manufacture of concrete products for construction purposes,Construction,Construction
SIC-SEC-212,23620,Manufacture of plaster products for construction purposes,Construction,Construction
SIC-SEC-213,23630,Manufacture of ready-mixed concrete,Construction,Construction
SIC-SEC-214,23640,Manufacture of mortars,Construction,Construction
SIC-SEC-215,23650,Manufacture of fibre cement,Construction,Construction
SIC-SEC-216,23690,"Manufacture of other articles of concrete, plaster and cement",Construction,Construction
SIC-SEC-217,23700,"Cutting, shaping and finishing of stone",Construction,Construction
SIC-SEC-218,23910,Production of abrasive products,Construction,Construction
SIC-SEC-088,23990,Manufacture of other non-metallic mineral products n.e.c.,"Advanced engineering : Metals, minerals and materials : Minerals",Advanced engineering
SIC-SEC-076,24100,Manufacture of basic iron and steel and of ferro-alloys,"Advanced engineering : Metals, minerals and materials : Metals",Advanced engineering
SIC-SEC-068,24200,"Manufacture of tubes, pipes, hollow profiles and related fittings, of steel","Advanced engineering : Metals, minerals and materials : Metals",Advanced engineering
SIC-SEC-077,24310,Cold drawing of bars,"Advanced engineering : Metals, minerals and materials : Metals",Advanced engineering
SIC-SEC-069,24320,Cold rolling of narrow strip,"Advanced engineering : Metals, minerals and materials : Metals",Advanced engineering
SIC-SEC-070,24330,Cold forming or folding,"Advanced engineering : Metals, minerals and materials : Metals",Advanced engineering
SIC-SEC-078,24340,Cold drawing of wire,"Advanced engineering : Metals, minerals and materials : Metals",Advanced engineering
SIC-SEC-079,24410,Precious metals production,"Advanced engineering : Metals, minerals and materials : Metals",Advanced engineering
SIC-SEC-080,24420,Aluminium production,"Advanced engineering : Metals, minerals and materials : Metals",Advanced engineering
SIC-SEC-081,24430,"Lead, zinc and tin production","Advanced engineering : Metals, minerals and materials : Metals",Advanced engineering
SIC-SEC-082,24440,Copper production,"Advanced engineering : Metals, minerals and materials : Metals",Advanced engineering
SIC-SEC-083,24450,Other non-ferrous metal production,"Advanced engineering : Metals, minerals and materials : Metals",Advanced engineering
SIC-SEC-468,24460,Processing of nuclear fuel,Energy : Civil nuclear,Energy
SIC-SEC-071,24510,Casting of iron,"Advanced engineering : Metals, minerals and materials : Metals",Advanced engineering
SIC-SEC-072,24520,Casting of steel,"Advanced engineering : Metals, minerals and materials : Metals",Advanced engineering
SIC-SEC-073,24530,Casting of light metals,"Advanced engineering : Metals, minerals and materials : Metals",Advanced engineering
SIC-SEC-074,24540,Casting of other non-ferrous metals,"Advanced engineering : Metals, minerals and materials : Metals",Advanced engineering
SIC-SEC-219,25110,Manufacture of metal structures and parts of structures,Construction,Construction
SIC-SEC-220,25120,Manufacture of doors and windows of metal,Construction,Construction
SIC-SEC-221,25210,Manufacture of central heating radiators and boilers,Construction,Construction
SIC-SEC-087,25290,"Manufacture of other tanks, reservoirs and containers of metal","Advanced engineering : Metals, minerals and materials : Metals",Advanced engineering
SIC-SEC-222,25300,"Manufacture of steam generators, except central heating hot water boilers",Construction,Construction
SIC-SEC-023,25400,Manufacture of weapons and ammunition,Advanced engineering,Advanced engineering
SIC-SEC-046,25500,"Forging, pressing, stamping and roll-forming of metal; powder metallurgy",Advanced engineering : Metallurgical process plant,Advanced engineering
SIC-SEC-075,25610,Treatment and coating of metals,"Advanced engineering : Metals, minerals and materials : Metals",Advanced engineering
SIC-SEC-024,25620,Machining,Advanced engineering,Advanced engineering
SIC-SEC-328,25710,Manufacture of cutlery,Consumer and retail : Household goods,Consumer and retail
SIC-SEC-223,25720,Manufacture of locks and hinges,Construction,Construction
SIC-SEC-032,25730,Manufacture of tools,Advanced engineering,Advanced engineering
SIC-SEC-050,25910,Manufacture of steel drums and similar containers,"Advanced engineering : Metals, minerals and materials",Advanced engineering
SIC-SEC-051,25920,Manufacture of light metal packaging,"Advanced engineering : Metals, minerals and materials",Advanced engineering
SIC-SEC-052,25930,"Manufacture of wire products, chain and springs","Advanced engineering : Metals, minerals and materials",Advanced engineering
SIC-SEC-053,25940,Manufacture of fasteners and screw machine products,"Advanced engineering : Metals, minerals and materials",Advanced engineering
SIC-SEC-054,25990,Manufacture of other fabricated metal products n.e.c.,"Advanced engineering : Metals, minerals and materials",Advanced engineering
SIC-SEC-716,26110,Manufacture of electronic components,Technology and smart cities : Hardware,Technology and smart cities
SIC-SEC-717,26120,Manufacture of loaded electronic boards,Technology and smart cities : Hardware,Technology and smart cities
SIC-SEC-724,26200,Manufacture of computers and peripheral equipment,Technology and smart cities : Hardware,Technology and smart cities
SIC-SEC-726,26301,Manufacture of telegraph and telephone apparatus and equipment,Technology and smart cities : Hardware : Telecommunications and electronics systems,Technology and smart cities
SIC-SEC-727,26309,"Manufacture of communication equipment other than telegraph, and telephone apparatus and equipment",Technology and smart cities : Hardware : Telecommunications and electronics systems,Technology and smart cities
SIC-SEC-310,26400,Manufacture of consumer electronics,Consumer and retail : Electronic consumer products,Consumer and retail
SIC-SEC-034,26511,"Manufacture of electronic measuring, testing etc. equipment, not for industrial process control",Advanced engineering,Advanced engineering
SIC-SEC-044,26512,Manufacture of electronic industrial process control equipment,"Advanced engineering : Mechanical, electrical and process engineering",Advanced engineering
SIC-SEC-006,26513,"Manufacture of non-electronic measuring, testing etc. equipment, not for industrial process control",Advanced engineering,Advanced engineering
SIC-SEC-039,26514,Manufacture of non-electronic industrial process control equipment,"Advanced engineering : Mechanical, electrical and process engineering",Advanced engineering
SIC-SEC-335,26520,Manufacture of watches and clocks,Consumer and retail : Jewellery,Consumer and retail
SIC-SEC-666,26600,"Manufacture of irradiation, electromedical and electrotherapeutic equipment",Medical devices and equipment,Medical devices and equipment
SIC-SEC-035,26701,Manufacture of optical precision instruments,Advanced engineering,Advanced engineering
SIC-SEC-411,26702,Manufacture of photographic and cinematographic equipment,Creative industries : Equipment : Photo and cinema,Creative industries
SIC-SEC-718,26800,Manufacture of magnetic and optical media,Technology and smart cities : Hardware,Technology and smart cities
SIC-SEC-029,27110,"Manufacture of electric motors, generators and transformers",Advanced engineering,Advanced engineering
SIC-SEC-030,27120,Manufacture of electricity distribution and control apparatus,Advanced engineering,Advanced engineering
SIC-SEC-031,27200,Manufacture of batteries and accumulators,Advanced engineering,Advanced engineering
SIC-SEC-719,27310,Manufacture of fibre optic cables,Technology and smart cities : Hardware,Technology and smart cities
SIC-SEC-036,27320,Manufacture of other electronic and electric wires and cables,Advanced engineering,Advanced engineering
SIC-SEC-720,27330,Manufacture of wiring devices,Technology and smart cities : Hardware,Technology and smart cities
SIC-SEC-037,27400,Manufacture of electric lighting equipment,Advanced engineering,Advanced engineering
SIC-SEC-311,27510,Manufacture of electric domestic appliances,Consumer and retail : Electronic consumer products,Consumer and retail
SIC-SEC-329,27520,Manufacture of non-electric domestic appliances,Consumer and retail : Household goods,Consumer and retail
SIC-SEC-007,27900,Manufacture of other electrical equipment,Advanced engineering,Advanced engineering
SIC-SEC-001,28110,"Manufacture of engines and turbines, except aircraft, vehicle and cycle engines",Advanced engineering,Advanced engineering
SIC-SEC-008,28120,Manufacture of fluid power equipment,Advanced engineering,Advanced engineering
SIC-SEC-009,28131,Manufacture of pumps,Advanced engineering,Advanced engineering
SIC-SEC-010,28132,Manufacture of compressors,Advanced engineering,Advanced engineering
SIC-SEC-011,28140,Manufacture of taps and valves,Advanced engineering,Advanced engineering
SIC-SEC-170,28150,"Manufacture of bearings, gears, gearing and driving elements",Automotive : Component manufacturing : Engines and transmission,Automotive
SIC-SEC-012,28210,"Manufacture of ovens, furnaces and furnace burners",Advanced engineering,Advanced engineering
SIC-SEC-013,28220,Manufacture of lifting and handling equipment,Advanced engineering,Advanced engineering
SIC-SEC-014,28230,Manufacture of office machinery and equipment (except computers and peripheral equipment),Advanced engineering,Advanced engineering
SIC-SEC-015,28240,Manufacture of power-driven hand tools,Advanced engineering,Advanced engineering
SIC-SEC-016,28250,Manufacture of non-domestic cooling and ventilation equipment,Advanced engineering,Advanced engineering
SIC-SEC-017,28290,Manufacture of other general-purpose machinery n.e.c.,Advanced engineering,Advanced engineering
SIC-SEC-115,28301,Manufacture of agricultural tractors,"Agriculture, horticulture, fisheries and pets : Engineering and precision farming : Machinery","Agriculture, horticulture, fisheries and pets"
SIC-SEC-116,28302,Manufacture of agricultural and forestry machinery other than tractors,"Agriculture, horticulture, fisheries and pets : Engineering and precision farming : Machinery","Agriculture, horticulture, fisheries and pets"
SIC-SEC-067,28410,Manufacture of metal forming machinery,"Advanced engineering : Metals, minerals and materials : Metals",Advanced engineering
SIC-SEC-002,28490,Manufacture of other machine tools,Advanced engineering,Advanced engineering
SIC-SEC-045,28910,Manufacture of machinery for metallurgy,Advanced engineering : Metallurgical process plant,Advanced engineering
SIC-SEC-670,28921,Manufacture of machinery for mining,Mining,Mining
SIC-SEC-200,28922,Manufacture of earthmoving equipment,Construction,Construction
SIC-SEC-201,28923,Manufacture of equipment for concrete crushing and screening and roadworks,Construction,Construction
SIC-SEC-585,28930,"Manufacture of machinery for food, beverage and tobacco processing",Food and drink,Food and drink
SIC-SEC-286,28940,"Manufacture of machinery for textile, apparel and leather production","Consumer and retail : Clothing, footwear and fashion",Consumer and retail
SIC-SEC-049,28950,Manufacture of machinery for paper and paperboard production,"Advanced engineering : Metals, minerals and materials",Advanced engineering
SIC-SEC-089,28960,Manufacture of plastics and rubber machinery,"Advanced engineering : Metals, minerals and materials : Plastics",Advanced engineering
SIC-SEC-003,28990,Manufacture of other special-purpose machinery n.e.c.,Advanced engineering,Advanced engineering
SIC-SEC-173,29100,Manufacture of motor vehicles,Automotive : Manufacturing and assembly,Automotive
SIC-SEC-168,29201,Manufacture of bodies (coachwork) for motor vehicles (except caravans),Automotive : Component manufacturing : Bodies and coachwork,Automotive
SIC-SEC-179,29202,Manufacture of trailers and semi-trailers,Automotive : Manufacturing and assembly : Trailers,Automotive
SIC-SEC-176,29203,Manufacture of caravans,Automotive : Manufacturing and assembly : Caravans,Automotive
SIC-SEC-169,29310,Manufacture of electrical and electronic equipment for motor vehicles and their engines,Automotive : Component manufacturing : Electronic components,Automotive
SIC-SEC-174,29320,Manufacture of other parts and accessories for motor vehicles,Automotive : Manufacturing and assembly,Automotive
SIC-SEC-653,30110,Building of ships and floating structures,Maritime : Marine engineering : Construction and manufacture,Maritime
SIC-SEC-654,30120,Building of pleasure and sporting boats,Maritime : Marine engineering : Leisure marine,Maritime
SIC-SEC-689,30200,Manufacture of railway locomotives and rolling stock,Railways,Railways
SIC-SEC-098,30300,Manufacture of air and spacecraft and related machinery,Aerospace : Manufacturing and assembly,Aerospace
SIC-SEC-446,30400,Manufacture of military fighting vehicles,Defence,Defence
SIC-SEC-178,30910,Manufacture of motorcycles,Automotive : Manufacturing and assembly : Motorcycles,Automotive
SIC-SEC-177,30920,Manufacture of bicycles and invalid carriages,Automotive : Manufacturing and assembly : Invalid carriages,Automotive
SIC-SEC-175,30990,Manufacture of other transport equipment n.e.c.,Automotive : Manufacturing and assembly,Automotive
SIC-SEC-316,31010,Manufacture of office and shop furniture,Consumer and retail : Furniture and furnishings,Consumer and retail
SIC-SEC-317,31020,Manufacture of kitchen furniture,Consumer and retail : Furniture and furnishings,Consumer and retail
SIC-SEC-318,31030,Manufacture of mattresses,Consumer and retail : Furniture and furnishings,Consumer and retail
SIC-SEC-319,31090,Manufacture of other furniture,Consumer and retail : Furniture and furnishings,Consumer and retail
SIC-SEC-084,32110,Striking of coins,"Advanced engineering : Metals, minerals and materials : Metals",Advanced engineering
SIC-SEC-336,32120,Manufacture of jewellery and related articles,Consumer and retail : Jewellery,Consumer and retail
SIC-SEC-337,32130,Manufacture of imitation jewellery and related articles,Consumer and retail : Jewellery,Consumer and retail
SIC-SEC-408,32200,Manufacture of musical instruments,Creative industries : Equipment : Musical instruments,Creative industries
SIC-SEC-256,32300,Manufacture of sports goods,Consumer and retail,Consumer and retail
SIC-SEC-341,32401,Manufacture of professional and arcade games and toys,Consumer and retail : Leisure and tourism,Consumer and retail
SIC-SEC-257,32409,"Manufacture of other games and toys, n.e.c.",Consumer and retail,Consumer and retail
SIC-SEC-667,32500,Manufacture of medical and dental instruments and supplies,Medical devices and equipment : Consumables and equipment,Medical devices and equipment
SIC-SEC-330,32910,Manufacture of brooms and brushes,Consumer and retail : Household goods,Consumer and retail
SIC-SEC-004,32990,Other manufacturing n.e.c.,Advanced engineering,Advanced engineering
SIC-SEC-085,33110,Repair of fabricated metal products,"Advanced engineering : Metals, minerals and materials : Metals",Advanced engineering
SIC-SEC-018,33120,Repair of machinery,Advanced engineering,Advanced engineering
SIC-SEC-038,33130,Repair of electronic and optical equipment,Advanced engineering,Advanced engineering
SIC-SEC-019,33140,Repair of electrical equipment,Advanced engineering,Advanced engineering
SIC-SEC-663,33150,Repair and maintenance of ships and boats,Maritime : Marine engineering : Fit out and refits,Maritime
SIC-SEC-097,33160,Repair and maintenance of aircraft and spacecraft,Aerospace : Maintenance,Aerospace
SIC-SEC-171,33170,Repair and maintenance of other transport equipment n.e.c.,Automotive : Maintenance,Automotive
SIC-SEC-020,33190,Repair of other equipment,Advanced engineering,Advanced engineering
SIC-SEC-021,33200,Installation of industrial machinery and equipment,Advanced engineering,Advanced engineering
SIC-SEC-463,35110,Production of electricity,Energy,Energy
SIC-SEC-464,35120,Transmission of electricity,Energy,Energy
SIC-SEC-465,35130,Distribution of electricity,Energy,Energy
SIC-SEC-466,35140,Trade of electricity,Energy,Energy
SIC-SEC-472,35210,Manufacture of gas,Energy : Oil and gas,Energy
SIC-SEC-473,35220,Distribution of gaseous fuels through mains,Energy : Oil and gas,Energy
SIC-SEC-474,35230,Trade of gas through mains,Energy : Oil and gas,Energy
SIC-SEC-467,35300,Steam and air conditioning supply,Energy,Energy
SIC-SEC-731,36000,"Water collection, treatment and supply",Water : Water management,Water
SIC-SEC-730,37000,Sewerage,Water : Wastewater management,Water
SIC-SEC-482,38110,Collection of non-hazardous waste,Environment : Waste management and recycling,Environment
SIC-SEC-483,38120,Collection of hazardous waste,Environment : Waste management and recycling,Environment
SIC-SEC-484,38210,Treatment and disposal of non-hazardous waste,Environment : Waste management and recycling,Environment
SIC-SEC-485,38220,Treatment and disposal of hazardous waste,Environment : Waste management and recycling,Environment
SIC-SEC-661,38310,Dismantling of wrecks,Maritime : Maritime services,Maritime
SIC-SEC-486,38320,Recovery of sorted materials,Environment : Waste management and recycling,Environment
SIC-SEC-487,39000,Remediation activities and other waste management services,Environment : Waste management and recycling,Environment
SIC-SEC-224,41100,Development of building projects,Construction,Construction
SIC-SEC-225,41201,Construction of commercial buildings,Construction,Construction
SIC-SEC-226,41202,Construction of domestic buildings,Construction,Construction
SIC-SEC-227,42110,Construction of roads and motorways,Construction,Construction
SIC-SEC-690,42120,Construction of railways and underground railways,Railways,Railways
SIC-SEC-228,42130,Construction of bridges and tunnels,Construction,Construction
SIC-SEC-229,42210,Construction of utility projects for fluids,Construction,Construction
SIC-SEC-230,42220,Construction of utility projects for electricity and telecommunications,Construction,Construction
SIC-SEC-729,42910,Construction of water projects,Water,Water
SIC-SEC-231,42990,Construction of other civil engineering projects n.e.c.,Construction,Construction
SIC-SEC-232,43110,Demolition,Construction,Construction
SIC-SEC-233,43120,Site preparation,Construction,Construction
SIC-SEC-234,43130,Test drilling and boring,Construction,Construction
SIC-SEC-235,43210,Electrical installation,Construction,Construction
SIC-SEC-236,43220,"Plumbing, heat and air-conditioning installation",Construction,Construction
SIC-SEC-237,43290,Other construction installation,Construction,Construction
SIC-SEC-238,43310,Plastering,Construction,Construction
SIC-SEC-239,43320,Joinery installation,Construction,Construction
SIC-SEC-240,43330,Floor and wall covering,Construction,Construction
SIC-SEC-241,43341,Painting,Construction,Construction
SIC-SEC-242,43342,Glazing,Construction,Construction
SIC-SEC-243,43390,Other building completion and finishing,Construction,Construction
SIC-SEC-244,43910,Roofing activities,Construction,Construction
SIC-SEC-245,43991,Scaffold erection,Construction,Construction
SIC-SEC-246,43999,Other specialised construction activities n.e.c.,Construction,Construction
SIC-SEC-180,45111,Sale of new cars and light motor vehicles,Automotive : Retail,Automotive
SIC-SEC-181,45112,Sale of used cars and light motor vehicles,Automotive : Retail,Automotive
SIC-SEC-182,45190,Sale of other motor vehicles,Automotive : Retail,Automotive
SIC-SEC-172,45200,Maintenance and repair of motor vehicles,Automotive : Maintenance,Automotive
SIC-SEC-158,45310,Wholesale trade of motor vehicle parts and accessories,Automotive,Automotive
SIC-SEC-183,45320,Retail trade of motor vehicle parts and accessories,Automotive : Retail,Automotive
SIC-SEC-184,45400,"Sale, maintenance and repair of motorcycles and related parts and accessories",Automotive : Retail,Automotive
SIC-SEC-102,46110,"Agents selling agricultural raw materials, livestock, textile raw materials and semi-finished goods","Agriculture, horticulture, fisheries and pets","Agriculture, horticulture, fisheries and pets"
SIC-SEC-055,46120,"Agents involved in the sale of fuels, ores, metals and industrial chemicals","Advanced engineering : Metals, minerals and materials",Advanced engineering
SIC-SEC-247,46130,Agents involved in the sale of timber and building materials,Construction,Construction
SIC-SEC-489,46140,"Agents involved in the sale of machinery, industrial equipment, ships and aircraft",Financial and professional services,Financial and professional services
SIC-SEC-258,46150,"Agents involved in the sale of furniture, household goods, hardware and ironmongery",Consumer and retail,Consumer and retail
SIC-SEC-292,46160,"Agents involved in the sale of textiles, clothing, fur, footwear and leather goods","Consumer and retail : Clothing, footwear and fashion",Consumer and retail
SIC-SEC-587,46170,"Agents involved in the sale of food, beverages and tobacco",Food and drink,Food and drink
SIC-SEC-259,46180,Agents specialized in the sale of other particular products,Consumer and retail,Consumer and retail
SIC-SEC-260,46190,Agents involved in the sale of a variety of goods,Consumer and retail,Consumer and retail
SIC-SEC-103,46210,"Wholesale of grain, unmanufactured tobacco, seeds and animal feeds","Agriculture, horticulture, fisheries and pets","Agriculture, horticulture, fisheries and pets"
SIC-SEC-125,46220,Wholesale of flowers and plants,"Agriculture, horticulture, fisheries and pets : Horticulture","Agriculture, horticulture, fisheries and pets"
SIC-SEC-147,46230,Wholesale of live animals,"Agriculture, horticulture, fisheries and pets : Livestock, pets and horses","Agriculture, horticulture, fisheries and pets"
SIC-SEC-148,46240,"Wholesale of hides, skins and leather","Agriculture, horticulture, fisheries and pets : Livestock, pets and horses","Agriculture, horticulture, fisheries and pets"
SIC-SEC-624,46310,Wholesale of fruit and vegetables,Food and drink : Fruit and vegetables,Food and drink
SIC-SEC-629,46320,Wholesale of meat and meat products,Food and drink : Meat products,Food and drink
SIC-SEC-588,46330,"Wholesale of dairy products, eggs and edible oils and fats",Food and drink,Food and drink
SIC-SEC-632,46341,"Wholesale of fruit and vegetable juices, mineral water and soft drinks",Food and drink : Non-alcoholic drinks,Food and drink
SIC-SEC-603,46342,"Wholesale of wine, beer, spirits and other alcoholic beverages",Food and drink : Alcoholic drinks,Food and drink
SIC-SEC-589,46350,Wholesale of tobacco products,Food and drink,Food and drink
SIC-SEC-590,46360,Wholesale of sugar and chocolate and sugar confectionery,Food and drink,Food and drink
SIC-SEC-591,46370,"Wholesale of coffee, tea, cocoa and spices",Food and drink,Food and drink
SIC-SEC-592,46380,"Wholesale of other food, including fish, crustaceans and molluscs",Food and drink,Food and drink
SIC-SEC-593,46390,"Non-specialised wholesale of food, beverages and tobacco",Food and drink,Food and drink
SIC-SEC-381,46410,Wholesale of textiles,"Consumer and retail : Textiles, interior textiles and carpets",Consumer and retail
SIC-SEC-293,46420,Wholesale of clothing and footwear,"Consumer and retail : Clothing, footwear and fashion",Consumer and retail
SIC-SEC-312,46431,"Wholesale of audio tapes, records, CDs and video tapes and the equipment on which these are played",Consumer and retail : Electronic consumer products,Consumer and retail
SIC-SEC-313,46439,"Wholesale of radio, television goods & electrical household appliances (other than records, tapes, CD's & video tapes and the equipment used for playing them)",Consumer and retail : Electronic consumer products,Consumer and retail
SIC-SEC-261,46440,Wholesale of china and glassware and cleaning materials,Consumer and retail,Consumer and retail
SIC-SEC-307,46450,Wholesale of perfume and cosmetics,Consumer and retail : Cosmetics and beauty,Consumer and retail
SIC-SEC-686,46460,Wholesale of pharmaceutical goods,Pharmaceuticals and biotechnology : Marketing and sales,Pharmaceuticals and biotechnology
SIC-SEC-320,46470,"Wholesale of furniture, carpets and lighting equipment",Consumer and retail : Furniture and furnishings,Consumer and retail
SIC-SEC-338,46480,Wholesale of watches and jewellery,Consumer and retail : Jewellery,Consumer and retail
SIC-SEC-409,46491,Wholesale of musical instruments,Creative industries : Equipment : Musical instruments,Creative industries
SIC-SEC-331,46499,Wholesale of household goods (other than musical instruments) n.e.c.,Consumer and retail : Household goods,Consumer and retail
SIC-SEC-721,46510,"Wholesale of computers, computer peripheral equipment and software",Technology and smart cities : Hardware,Technology and smart cities
SIC-SEC-728,46520,Wholesale of electronic and telecommunications equipment and parts,Technology and smart cities : Hardware : Telecommunications and electronics systems,Technology and smart cities
SIC-SEC-104,46610,"Wholesale of agricultural machinery, equipment and supplies","Agriculture, horticulture, fisheries and pets","Agriculture, horticulture, fisheries and pets"
SIC-SEC-022,46620,Wholesale of machine tools,Advanced engineering,Advanced engineering
SIC-SEC-248,46630,"Wholesale of mining, construction and civil engineering machinery",Construction,Construction
SIC-SEC-368,46640,Wholesale of machinery for the textile industry and of sewing and knitting machines,"Consumer and retail : Textiles, interior textiles and carpets",Consumer and retail
SIC-SEC-321,46650,Wholesale of office furniture,Consumer and retail : Furniture and furnishings,Consumer and retail
SIC-SEC-262,46660,Wholesale of other office machinery and equipment,Consumer and retail,Consumer and retail
SIC-SEC-255,46690,Wholesale of other machinery and equipment,Consumer and retail,Consumer and retail
SIC-SEC-475,46711,Wholesale of petroleum and petroleum products,Energy : Oil and gas,Energy
SIC-SEC-476,46719,Wholesale of other fuels and related products,Energy : Oil and gas,Energy
SIC-SEC-086,46720,Wholesale of metals and metal ores,"Advanced engineering : Metals, minerals and materials : Metals",Advanced engineering
SIC-SEC-249,46730,"Wholesale of wood, construction materials and sanitary equipment",Construction,Construction
SIC-SEC-250,46740,"Wholesale of hardware, plumbing and heating equipment and supplies",Construction,Construction
SIC-SEC-188,46750,Wholesale of chemical products,Chemicals,Chemicals
SIC-SEC-263,46760,Wholesale of other intermediate products,Consumer and retail,Consumer and retail
SIC-SEC-488,46770,Wholesale of waste and scrap,Environment : Waste management and recycling,Environment
SIC-SEC-264,46900,Non-specialised wholesale trade,Consumer and retail,Consumer and retail
SIC-SEC-265,47110,"Retail sale in non-specialised stores with food, beverages or tobacco predominating",Consumer and retail,Consumer and retail
SIC-SEC-266,47190,Other retail sale in non-specialised stores,Consumer and retail,Consumer and retail
SIC-SEC-625,47210,Retail sale of fruit and vegetables in specialised stores,Food and drink : Fruit and vegetables,Food and drink
SIC-SEC-630,47220,Retail sale of meat and meat products in specialised stores,Food and drink : Meat products,Food and drink
SIC-SEC-594,47230,"Retail sale of fish, crustaceans and molluscs in specialised stores",Food and drink,Food and drink
SIC-SEC-606,47240,"Retail sale of bread, cakes, flour confectionery and sugar confectionery in specialised stores",Food and drink : Bakery products,Food and drink
SIC-SEC-598,47250,Retail sale of beverages in specialised stores,Food and drink,Food and drink
SIC-SEC-595,47260,Retail sale of tobacco products in specialised stores,Food and drink,Food and drink
SIC-SEC-596,47290,Other retail sale of food in specialised stores,Food and drink,Food and drink
SIC-SEC-185,47300,Retail sale of automotive fuel in specialised stores,Automotive : Retail,Automotive
SIC-SEC-704,47410,"Retail sale of computers, peripheral units and software in specialised stores",Technology and smart cities,Technology and smart cities
SIC-SEC-715,47421,Retail sale of mobile telephones,Technology and smart cities : Communications : Mobile,Technology and smart cities
SIC-SEC-710,47429,Retail sale of telecommunications equipment other than mobile telephones,Technology and smart cities : Communications,Technology and smart cities
SIC-SEC-436,47430,Retail sale of audio and video equipment in specialised stores,Creative industries : Multimedia sales,Creative industries
SIC-SEC-382,47510,Retail sale of textiles in specialised stores,"Consumer and retail : Textiles, interior textiles and carpets",Consumer and retail
SIC-SEC-267,47520,"Retail sale of hardware, paints and glass in specialised stores",Consumer and retail,Consumer and retail
SIC-SEC-383,47530,"Retail sale of carpets, rugs, wall and floor coverings in specialised stores","Consumer and retail : Textiles, interior textiles and carpets",Consumer and retail
SIC-SEC-314,47540,Retail sale of electrical household appliances in specialised stores,Consumer and retail : Electronic consumer products,Consumer and retail
SIC-SEC-410,47591,Retail sale of musical instruments and scores,Creative industries : Equipment : Musical instruments,Creative industries
SIC-SEC-322,47599,"Retail of furniture, lighting, and similar (not musical instruments or scores) in specialised store",Consumer and retail : Furniture and furnishings,Consumer and retail
SIC-SEC-402,47610,Retail sale of books in specialised stores,"Creative industries : Books, printed media and stationery",Creative industries
SIC-SEC-403,47620,Retail sale of newspapers and stationery in specialised stores,"Creative industries : Books, printed media and stationery",Creative industries
SIC-SEC-438,47630,Retail sale of music and video recordings in specialised stores,Creative industries : Music : Recorded music,Creative industries
SIC-SEC-268,47640,"Retail sale of sports goods, fishing gear, camping goods, boats and bicycles",Consumer and retail,Consumer and retail
SIC-SEC-269,47650,Retail sale of games and toys in specialised stores,Consumer and retail,Consumer and retail
SIC-SEC-294,47710,Retail sale of clothing in specialised stores,"Consumer and retail : Clothing, footwear and fashion",Consumer and retail
SIC-SEC-295,47721,Retail sale of footwear in specialised stores,"Consumer and retail : Clothing, footwear and fashion",Consumer and retail
SIC-SEC-296,47722,Retail sale of leather goods in specialised stores,"Consumer and retail : Clothing, footwear and fashion",Consumer and retail
SIC-SEC-285,47730,Dispensing chemist in specialised stores,Consumer and retail,Consumer and retail
SIC-SEC-668,47741,Retail sale of hearing aids,Medical devices and equipment : Consumables and equipment,Medical devices and equipment
SIC-SEC-669,47749,Retail sale of medical and orthopaedic goods in specialised stores (not incl. hearing aids) n.e.c.,Medical devices and equipment : Consumables and equipment,Medical devices and equipment
SIC-SEC-308,47750,Retail sale of cosmetic and toilet articles in specialised stores,Consumer and retail : Cosmetics and beauty,Consumer and retail
SIC-SEC-270,47760,"Retail sale of flowers, plants, seeds, fertilizers, pet animals and pet food in specialised stores",Consumer and retail,Consumer and retail
SIC-SEC-339,47770,Retail sale of watches and jewellery in specialised stores,Consumer and retail : Jewellery,Consumer and retail
SIC-SEC-393,47781,Retail sale in commercial art galleries,Creative industries : Art,Creative industries
SIC-SEC-284,47782,Retail sale by opticians,Consumer and retail,Consumer and retail
SIC-SEC-271,47789,Other retail sale of new goods in specialised stores (not commercial art galleries and opticians),Consumer and retail,Consumer and retail
SIC-SEC-392,47791,Retail sale of antiques including antique books in stores,Creative industries : Antiques and antiquities,Creative industries
SIC-SEC-272,47799,Retail sale of other second-hand goods in stores (not incl. antiques),Consumer and retail,Consumer and retail
SIC-SEC-273,47810,"Retail sale via stalls and markets of food, beverages and tobacco products",Consumer and retail,Consumer and retail
SIC-SEC-274,47820,"Retail sale via stalls and markets of textiles, clothing and footwear",Consumer and retail,Consumer and retail
SIC-SEC-275,47890,Retail sale via stalls and markets of other goods,Consumer and retail,Consumer and retail
SIC-SEC-276,47910,Retail sale via mail order houses or via Internet,Consumer and retail,Consumer and retail
SIC-SEC-277,47990,"Other retail sale not in stores, stalls or markets",Consumer and retail,Consumer and retail
SIC-SEC-691,49100,"Passenger rail transport, interurban",Railways,Railways
SIC-SEC-692,49200,Freight rail transport,Railways,Railways
SIC-SEC-693,49311,"Urban and suburban passenger railway transportation by underground, metro and similar systems",Railways,Railways
SIC-SEC-159,49319,"Other urban, suburban or metropolitan passenger land transport (not underground, metro or similar)",Automotive,Automotive
SIC-SEC-278,49320,Taxi operation,Consumer and retail,Consumer and retail
SIC-SEC-342,49390,Other passenger land transport,Consumer and retail : Leisure and tourism,Consumer and retail
SIC-SEC-492,49410,Freight transport by road,Financial and professional services,Financial and professional services
SIC-SEC-493,49420,Removal services,Financial and professional services,Financial and professional services
SIC-SEC-477,49500,Transport via pipeline,Energy : Oil and gas,Energy
SIC-SEC-655,50100,Sea and coastal passenger water transport,Maritime : Marine engineering : Ports and terminals,Maritime
SIC-SEC-656,50200,Sea and coastal freight water transport,Maritime : Marine engineering : Ports and terminals,Maritime
SIC-SEC-657,50300,Inland passenger water transport,Maritime : Marine engineering : Ports and terminals,Maritime
SIC-SEC-658,50400,Inland freight water transport,Maritime : Marine engineering : Ports and terminals,Maritime
SIC-SEC-154,51101,Scheduled passenger air transport,Airports,Airports
SIC-SEC-155,51102,Non-scheduled passenger air transport,Airports,Airports
SIC-SEC-156,51210,Freight air transport,Airports,Airports
SIC-SEC-702,51220,Space transport,Space,Space
SIC-SEC-659,52101,Operation of warehousing and storage facilities for water transport activities,Maritime : Marine engineering : Ports and terminals,Maritime
SIC-SEC-157,52102,Operation of warehousing and storage facilities for air transport activities,Airports,Airports
SIC-SEC-163,52103,Operation of warehousing and storage facilities for land transport activities,Automotive,Automotive
SIC-SEC-694,52211,Operation of rail freight terminals,Railways,Railways
SIC-SEC-695,52212,Operation of rail passenger facilities at railway stations,Railways,Railways
SIC-SEC-167,52213,Operation of bus and coach passenger facilities at bus and coach stations,Automotive,Automotive
SIC-SEC-164,52219,"Other service activities incidental to land transportation, n.e.c.",Automotive,Automotive
SIC-SEC-662,52220,Service activities incidental to water transportation,Maritime : Maritime services,Maritime
SIC-SEC-152,52230,Service activities incidental to air transportation,Airports,Airports
SIC-SEC-660,52241,Cargo handling for water transport activities,Maritime : Marine engineering : Ports and terminals,Maritime
SIC-SEC-153,52242,Cargo handling for air transport activities,Airports,Airports
SIC-SEC-160,52243,Cargo handling for land transport activities,Automotive,Automotive
SIC-SEC-165,52290,Other transportation support activities,Automotive,Automotive
SIC-SEC-279,53100,Postal activities under universal service obligation,Consumer and retail,Consumer and retail
SIC-SEC-166,53201,Licensed carriers,Automotive,Automotive
SIC-SEC-280,53202,Unlicensed carrier,Consumer and retail,Consumer and retail
SIC-SEC-358,55100,Hotels and similar accommodation,Consumer and retail : Leisure and tourism : Hotels and hospitality,Consumer and retail
SIC-SEC-359,55201,Holiday centres and villages,Consumer and retail : Leisure and tourism : Hotels and hospitality,Consumer and retail
SIC-SEC-360,55202,Youth hostels,Consumer and retail : Leisure and tourism : Hotels and hospitality,Consumer and retail
SIC-SEC-361,55209,Other holiday and other collective accommodation,Consumer and retail : Leisure and tourism : Hotels and hospitality,Consumer and retail
SIC-SEC-362,55300,"Recreational vehicle parks, trailer parks and camping grounds",Consumer and retail : Leisure and tourism : Hotels and hospitality,Consumer and retail
SIC-SEC-363,55900,Other accommodation,Consumer and retail : Leisure and tourism : Hotels and hospitality,Consumer and retail
SIC-SEC-355,56101,Licensed restaurants,Consumer and retail : Leisure and tourism : Casual dining,Consumer and retail
SIC-SEC-356,56102,Unlicensed restaurants and cafes,Consumer and retail : Leisure and tourism : Casual dining,Consumer and retail
SIC-SEC-357,56103,Take-away food shops and mobile food stands,Consumer and retail : Leisure and tourism : Casual dining,Consumer and retail
SIC-SEC-343,56210,Event catering activities,Consumer and retail : Leisure and tourism,Consumer and retail
SIC-SEC-344,56290,Other food services,Consumer and retail : Leisure and tourism,Consumer and retail
SIC-SEC-345,56301,Licensed clubs,Consumer and retail : Leisure and tourism,Consumer and retail
SIC-SEC-346,56302,Public houses and bars,Consumer and retail : Leisure and tourism,Consumer and retail
SIC-SEC-441,58110,Book publishing,Creative industries : Publishing,Creative industries
SIC-SEC-496,58120,Publishing of directories and mailing lists,Financial and professional services : Business and consumer services : Marketing services,Financial and professional services
SIC-SEC-442,58130,Publishing of newspapers,Creative industries : Publishing,Creative industries
SIC-SEC-443,58141,Publishing of learned journals,Creative industries : Publishing,Creative industries
SIC-SEC-444,58142,Publishing of consumer and business journals and periodicals,Creative industries : Publishing,Creative industries
SIC-SEC-445,58190,Other publishing activities,Creative industries : Publishing,Creative industries
SIC-SEC-430,58210,Publishing of computer games,Creative industries : Games : Publishing,Creative industries
SIC-SEC-703,58290,Other software publishing,Technology and smart cities : Software,Technology and smart cities
SIC-SEC-423,59111,Motion picture production activities,Creative industries : Film and TV : Production and finance,Creative industries
SIC-SEC-424,59112,Video production activities,Creative industries : Film and TV : Production and finance,Creative industries
SIC-SEC-425,59113,Television programme production activities,Creative industries : Film and TV : Production and finance,Creative industries
SIC-SEC-422,59120,"Motion picture, video and television programme post-production activities",Creative industries : Film and TV : Post production,Creative industries
SIC-SEC-426,59131,Motion picture distribution activities,Creative industries : Film and TV : Sales and distribution,Creative industries
SIC-SEC-427,59132,Video distribution activities,Creative industries : Film and TV : Sales and distribution,Creative industries
SIC-SEC-428,59133,Television programme distribution activities,Creative industries : Film and TV : Sales and distribution,Creative industries
SIC-SEC-420,59140,Motion picture projection activities,Creative industries : Film and TV,Creative industries
SIC-SEC-437,59200,Sound recording and music publishing activities,Creative industries : Music : Publishing,Creative industries
SIC-SEC-384,60100,Radio broadcasting,Creative industries,Creative industries
SIC-SEC-421,60200,Television programming and broadcasting activities,Creative industries : Film and TV,Creative industries
SIC-SEC-711,61100,Wired telecommunications activities,Technology and smart cities : Communications,Technology and smart cities
SIC-SEC-712,61200,Wireless telecommunications activities,Technology and smart cities : Communications,Technology and smart cities
SIC-SEC-713,61300,Satellite telecommunications activities,Technology and smart cities : Communications,Technology and smart cities
SIC-SEC-714,61900,Other telecommunications activities,Technology and smart cities : Communications,Technology and smart cities
SIC-SEC-429,62011,Ready-made interactive leisure and entertainment software development,Creative industries : Games,Creative industries
SIC-SEC-708,62012,Business and domestic software development,Technology and smart cities : Software,Technology and smart cities
SIC-SEC-705,62020,Information technology consultancy activities,Technology and smart cities,Technology and smart cities
SIC-SEC-707,62030,Computer facilities management activities,Technology and smart cities,Technology and smart cities
SIC-SEC-706,62090,Other information technology service activities,Technology and smart cities,Technology and smart cities
SIC-SEC-725,63110,"Data processing, hosting and related activities",Technology and smart cities : Hardware : Data centres,Technology and smart cities
SIC-SEC-709,63120,Web portals,Technology and smart cities,Technology and smart cities
SIC-SEC-385,63910,News agency activities,Creative industries,Creative industries
SIC-SEC-386,63990,Other information service activities n.e.c.,Creative industries,Creative industries
SIC-SEC-563,64110,Central banking,Financial and professional services : Banking,Financial and professional services
SIC-SEC-564,64191,Banks,Financial and professional services : Banking,Financial and professional services
SIC-SEC-565,64192,Building societies,Financial and professional services : Banking,Financial and professional services
SIC-SEC-497,64201,Activities of agricultural holding companies,Financial and professional services,Financial and professional services
SIC-SEC-498,64202,Activities of production holding companies,Financial and professional services,Financial and professional services
SIC-SEC-499,64203,Activities of construction holding companies,Financial and professional services,Financial and professional services
SIC-SEC-500,64204,Activities of distribution holding companies,Financial and professional services,Financial and professional services
SIC-SEC-501,64205,Activities of financial services holding companies,Financial and professional services,Financial and professional services
SIC-SEC-502,64209,Activities of other holding companies n.e.c.,Financial and professional services,Financial and professional services
SIC-SEC-568,64301,Activities of investment trusts,Financial and professional services : Capital markets,Financial and professional services
SIC-SEC-569,64302,Activities of unit trusts,Financial and professional services : Capital markets,Financial and professional services
SIC-SEC-573,64303,Activities of venture and development capital companies,Financial and professional services : Capital markets : Venture capital,Financial and professional services
SIC-SEC-570,64304,Activities of open-ended investment companies,Financial and professional services : Capital markets,Financial and professional services
SIC-SEC-571,64305,Activities of property unit trusts,Financial and professional services : Capital markets,Financial and professional services
SIC-SEC-572,64306,Activities of real estate investment trusts,Financial and professional services : Capital markets,Financial and professional services
SIC-SEC-503,64910,Financial leasing,Financial and professional services,Financial and professional services
SIC-SEC-504,64921,Credit granting by non-deposit taking finance houses and other specialist consumer credit grantors,Financial and professional services,Financial and professional services
SIC-SEC-566,64922,Activities of mortgage finance companies,Financial and professional services : Banking,Financial and professional services
SIC-SEC-567,64929,Other credit granting n.e.c.,Financial and professional services : Banking,Financial and professional services
SIC-SEC-505,64991,Security dealing on own account,Financial and professional services,Financial and professional services
SIC-SEC-506,64992,Factoring,Financial and professional services,Financial and professional services
SIC-SEC-507,64999,Financial intermediation not elsewhere classified,Financial and professional services,Financial and professional services
SIC-SEC-579,65110,Life insurance,Financial and professional services : Insurance : Life insurance,Financial and professional services
SIC-SEC-577,65120,Non-life insurance,Financial and professional services : Insurance,Financial and professional services
SIC-SEC-580,65201,Life reinsurance,Financial and professional services : Insurance : Life insurance,Financial and professional services
SIC-SEC-578,65202,Non-life reinsurance,Financial and professional services : Insurance,Financial and professional services
SIC-SEC-561,65300,Pension funding,Financial and professional services : Asset management,Financial and professional services
SIC-SEC-508,66110,Administration of financial markets,Financial and professional services,Financial and professional services
SIC-SEC-551,66120,Security and commodity contracts dealing activities,Financial and professional services,Financial and professional services
SIC-SEC-550,66190,Activities auxiliary to financial intermediation n.e.c.,Financial and professional services,Financial and professional services
SIC-SEC-575,66210,Risk and damage evaluation,Financial and professional services : Insurance,Financial and professional services
SIC-SEC-576,66220,Activities of insurance agents and brokers,Financial and professional services : Insurance,Financial and professional services
SIC-SEC-574,66290,Other activities auxiliary to insurance and pension funding,Financial and professional services : Insurance,Financial and professional services
SIC-SEC-562,66300,Fund management activities,Financial and professional services : Asset management,Financial and professional services
SIC-SEC-490,68100,Buying and selling of own real estate,Financial and professional services : Business and consumer services : Commercial real estate services,Financial and professional services
SIC-SEC-553,68201,Renting and operating of Housing Association real estate,Financial and professional services : Business and consumer services : Commercial real estate services,Financial and professional services
SIC-SEC-554,68202,Letting and operating of conference and exhibition centres,Financial and professional services,Financial and professional services
SIC-SEC-555,68209,Other letting and operating of own or leased real estate,Financial and professional services : Business and consumer services : Commercial real estate services,Financial and professional services
SIC-SEC-556,68310,Real estate agencies,Financial and professional services : Business and consumer services : Commercial real estate services,Financial and professional services
SIC-SEC-557,68320,Management of real estate on a fee or contract basis,Financial and professional services : Business and consumer services : Commercial real estate services,Financial and professional services
SIC-SEC-581,69101,Barristers at law,Financial and professional services : Legal services,Financial and professional services
SIC-SEC-582,69102,Solicitors,Financial and professional services : Legal services,Financial and professional services
SIC-SEC-583,69109,Activities of patent and copyright agents; other legal activities n.e.c.,Financial and professional services : Legal services,Financial and professional services
SIC-SEC-558,69201,Accounting and auditing activities,Financial and professional services : Accountancy services,Financial and professional services
SIC-SEC-559,69202,Bookkeeping activities,Financial and professional services : Accountancy services,Financial and professional services
SIC-SEC-560,69203,Tax consultancy,Financial and professional services : Accountancy services,Financial and professional services
SIC-SEC-509,70100,Activities of head offices,Financial and professional services,Financial and professional services
SIC-SEC-510,70210,Public relations and communications activities,Financial and professional services : Business and consumer services : Marketing services,Financial and professional services
SIC-SEC-552,70221,Financial management,Financial and professional services,Financial and professional services
SIC-SEC-584,70229,Management consultancy activities other than financial management,Financial and professional services : Management consultancy,Financial and professional services
SIC-SEC-254,71111,Architectural activities,Construction,Construction
SIC-SEC-405,71112,Urban planning and landscape architectural activities,Creative industries : Design,Creative industries
SIC-SEC-040,71121,Engineering design activities for industrial process and production,"Advanced engineering : Mechanical, electrical and process engineering",Advanced engineering
SIC-SEC-041,71122,Engineering related scientific and technical consulting activities,"Advanced engineering : Mechanical, electrical and process engineering",Advanced engineering
SIC-SEC-042,71129,Other engineering activities,"Advanced engineering : Mechanical, electrical and process engineering",Advanced engineering
SIC-SEC-043,71200,Technical testing and analysis,"Advanced engineering : Mechanical, electrical and process engineering",Advanced engineering
SIC-SEC-687,72110,Research and experimental development on biotechnology,Pharmaceuticals and biotechnology : Research and development,Pharmaceuticals and biotechnology
SIC-SEC-688,72190,Other research and experimental development on natural sciences and engineering,Pharmaceuticals and biotechnology : Research and development,Pharmaceuticals and biotechnology
SIC-SEC-448,72200,Research and experimental development on social sciences and humanities,Education and training,Education and training
SIC-SEC-391,73110,Advertising agencies,Creative industries : Advertising,Creative industries
SIC-SEC-431,73120,Media representation services,Creative industries : Media services,Creative industries
SIC-SEC-494,73200,Market research and public opinion polling,Financial and professional services : Business and consumer services : Market research,Financial and professional services
SIC-SEC-406,74100,specialised design activities,Creative industries : Design,Creative industries
SIC-SEC-387,74201,Portrait photographic activities,Creative industries,Creative industries
SIC-SEC-388,74202,Other specialist photography,Creative industries,Creative industries
SIC-SEC-390,74203,Film processing,Creative industries,Creative industries
SIC-SEC-389,74209,Photographic activities not elsewhere classified,Creative industries,Creative industries
SIC-SEC-495,74300,Translation and interpretation activities,Financial and professional services,Financial and professional services
SIC-SEC-481,74901,Environmental consulting activities,Environment,Environment
SIC-SEC-251,74902,Quantity surveying activities,Construction,Construction
SIC-SEC-511,74909,"Other professional, scientific and technical activities n.e.c.",Financial and professional services,Financial and professional services
SIC-SEC-512,74990,Non-trading company,Financial and professional services,Financial and professional services
SIC-SEC-150,75000,Veterinary activities,"Agriculture, horticulture, fisheries and pets : Livestock, pets and horses : Health, welfare and veterinary services","Agriculture, horticulture, fisheries and pets"
SIC-SEC-161,77110,Renting and leasing of cars and light motor vehicles,Automotive,Automotive
SIC-SEC-162,77120,Renting and leasing of trucks and other heavy vehicles,Automotive,Automotive
SIC-SEC-347,77210,Renting and leasing of recreational and sports goods,Consumer and retail : Leisure and tourism,Consumer and retail
SIC-SEC-418,77220,Renting of video tapes and disks,Creative industries : Film and TV,Creative industries
SIC-SEC-435,77291,Renting and leasing of media entertainment equipment,Creative industries : Media services,Creative industries
SIC-SEC-334,77299,Renting and leasing of other personal and household goods,Consumer and retail : Household goods,Consumer and retail
SIC-SEC-105,77310,Renting and leasing of agricultural machinery and equipment,"Agriculture, horticulture, fisheries and pets","Agriculture, horticulture, fisheries and pets"
SIC-SEC-252,77320,Renting and leasing of construction and civil engineering machinery and equipment,Construction,Construction
SIC-SEC-513,77330,Renting and leasing of office machinery and equipment (including computers),Financial and professional services,Financial and professional services
SIC-SEC-664,77341,Renting and leasing of passenger water transport equipment,Maritime : Maritime services,Maritime
SIC-SEC-665,77342,Renting and leasing of freight water transport equipment,Maritime : Maritime services,Maritime
SIC-SEC-095,77351,Renting and leasing of air passenger transport equipment,Aerospace,Aerospace
SIC-SEC-096,77352,Renting and leasing of freight air transport equipment,Aerospace,Aerospace
SIC-SEC-514,77390,"Renting and leasing of other machinery, equipment and tangible goods n.e.c.",Financial and professional services,Financial and professional services
SIC-SEC-515,77400,"Leasing of intellectual property and similar products, except copyright works",Financial and professional services,Financial and professional services
SIC-SEC-419,78101,"Motion picture, television and other theatrical casting activities",Creative industries : Film and TV,Creative industries
SIC-SEC-516,78109,Other activities of employment placement agencies,Financial and professional services : Business and consumer services : HR services,Financial and professional services
SIC-SEC-517,78200,Temporary employment agency activities,Financial and professional services : Business and consumer services : HR services,Financial and professional services
SIC-SEC-518,78300,Human resources provision and management of human resources functions,Financial and professional services : Business and consumer services : HR services,Financial and professional services
SIC-SEC-364,79110,Travel agency activities,Consumer and retail : Leisure and tourism : Travel,Consumer and retail
SIC-SEC-365,79120,Tour operator activities,Consumer and retail : Leisure and tourism : Travel,Consumer and retail
SIC-SEC-366,79901,Activities of tourist guides,Consumer and retail : Leisure and tourism : Travel,Consumer and retail
SIC-SEC-367,79909,Other reservation service activities n.e.c.,Consumer and retail : Leisure and tourism : Travel,Consumer and retail
SIC-SEC-696,80100,Private security activities,Security,Security
SIC-SEC-697,80200,Security systems service activities,Security,Security
SIC-SEC-698,80300,Investigation activities,Security,Security
SIC-SEC-519,81100,Combined facilities support activities,Financial and professional services,Financial and professional services
SIC-SEC-520,81210,General cleaning of buildings,Financial and professional services,Financial and professional services
SIC-SEC-521,81221,Window cleaning services,Financial and professional services,Financial and professional services
SIC-SEC-522,81222,Specialised cleaning services,Financial and professional services,Financial and professional services
SIC-SEC-523,81223,Furnace and chimney cleaning services,Financial and professional services,Financial and professional services
SIC-SEC-524,81229,Other building and industrial cleaning activities,Financial and professional services,Financial and professional services
SIC-SEC-525,81291,Disinfecting and exterminating services,Financial and professional services,Financial and professional services
SIC-SEC-526,81299,Other cleaning services,Financial and professional services,Financial and professional services
SIC-SEC-407,81300,Landscape service activities,Creative industries : Design,Creative industries
SIC-SEC-527,82110,Combined office administrative service activities,Financial and professional services : Business and consumer services : Shared service centres,Financial and professional services
SIC-SEC-528,82190,"Photocopying, document preparation and other specialised office support activities",Financial and professional services,Financial and professional services
SIC-SEC-529,82200,Activities of call centres,Financial and professional services : Business and consumer services : Contact centres,Financial and professional services
SIC-SEC-530,82301,Activities of exhibition and fair organisers,Financial and professional services,Financial and professional services
SIC-SEC-531,82302,Activities of conference organisers,Financial and professional services,Financial and professional services
SIC-SEC-532,82911,Activities of collection agencies,Financial and professional services,Financial and professional services
SIC-SEC-533,82912,Activities of credit bureaus,Financial and professional services,Financial and professional services
SIC-SEC-534,82920,Packaging activities,Financial and professional services,Financial and professional services
SIC-SEC-535,82990,Other business support service activities n.e.c.,Financial and professional services : Business and consumer services,Financial and professional services
SIC-SEC-536,84110,General public administration activities,Financial and professional services,Financial and professional services
SIC-SEC-449,84120,"Regulation of health care, education, cultural and other social services, not incl. social security",Education and training,Education and training
SIC-SEC-537,84130,Regulation of and contribution to more efficient operation of businesses,Financial and professional services : Business and consumer services,Financial and professional services
SIC-SEC-538,84210,Foreign affairs,Financial and professional services,Financial and professional services
SIC-SEC-447,84220,Defence activities,Defence,Defence
SIC-SEC-699,84230,Justice and judicial activities,Security,Security
SIC-SEC-700,84240,Public order and safety activities,Security,Security
SIC-SEC-701,84250,Fire service activities,Security,Security
SIC-SEC-539,84300,Compulsory social security activities,Financial and professional services,Financial and professional services
SIC-SEC-453,85100,Pre-primary education,Education and training : Early years,Education and training
SIC-SEC-457,85200,Primary education,Education and training : Schools,Education and training
SIC-SEC-458,85310,General secondary education,Education and training : Schools,Education and training
SIC-SEC-460,85320,Technical and vocational secondary education,Education and training : Technical and vocational education and training,Education and training
SIC-SEC-462,85410,Post-secondary non-tertiary education,Education and training : Technical and vocational education and training : Colleges and further education,Education and training
SIC-SEC-455,85421,First-degree level higher education,Education and training : Higher education,Education and training
SIC-SEC-456,85422,Post-graduate level higher education,Education and training : Higher education,Education and training
SIC-SEC-450,85510,Sports and recreation education,Education and training,Education and training
SIC-SEC-451,85520,Cultural education,Education and training,Education and training
SIC-SEC-461,85530,Driving school activities,Education and training : Technical and vocational education and training,Education and training
SIC-SEC-452,85590,Other education n.e.c.,Education and training,Education and training
SIC-SEC-459,85600,Educational support services,Education and training : Support services,Education and training
SIC-SEC-641,86101,Hospital activities,Healthcare services,Healthcare services
SIC-SEC-642,86102,Medical nursing home activities,Healthcare services,Healthcare services
SIC-SEC-643,86210,General medical practice activities,Healthcare services,Healthcare services
SIC-SEC-644,86220,Specialists medical practice activities,Healthcare services,Healthcare services
SIC-SEC-645,86230,Dental practice activities,Healthcare services,Healthcare services
SIC-SEC-646,86900,Other human health activities,Healthcare services,Healthcare services
SIC-SEC-647,87100,Residential nursing care facilities,Healthcare services,Healthcare services
SIC-SEC-649,87200,"Residential care activities for learning difficulties, mental health and substance abuse",Healthcare services : Social care,Healthcare services
SIC-SEC-650,87300,Residential care activities for the elderly and disabled,Healthcare services : Social care,Healthcare services
SIC-SEC-648,87900,Other residential care activities n.e.c.,Healthcare services,Healthcare services
SIC-SEC-651,88100,Social work activities without accommodation for the elderly and disabled,Healthcare services : Social care,Healthcare services
SIC-SEC-454,88910,Child day-care activities,Education and training : Early years,Education and training
SIC-SEC-652,88990,Other social work activities without accommodation n.e.c.,Healthcare services : Social care,Healthcare services
SIC-SEC-439,90010,Performing arts,Creative industries : Performing arts,Creative industries
SIC-SEC-440,90020,Support activities to performing arts,Creative industries : Performing arts,Creative industries
SIC-SEC-394,90030,Artistic creation,Creative industries : Art,Creative industries
SIC-SEC-395,90040,Operation of arts facilities,Creative industries : Art,Creative industries
SIC-SEC-404,91011,Library activities,"Creative industries : Books, printed media and stationery",Creative industries
SIC-SEC-416,91012,Archives activities,Creative industries : Experience economy : Museums,Creative industries
SIC-SEC-417,91020,Museums activities,Creative industries : Experience economy : Museums,Creative industries
SIC-SEC-412,91030,Operation of historical sites and buildings and similar visitor attractions,Creative industries : Experience economy : Attractions,Creative industries
SIC-SEC-413,91040,Botanical and zoological gardens and nature reserves activities,Creative industries : Experience economy : Attractions,Creative industries
SIC-SEC-348,92000,Gambling and betting activities,Consumer and retail : Leisure and tourism,Consumer and retail
SIC-SEC-349,93110,Operation of sports facilities,Consumer and retail : Leisure and tourism,Consumer and retail
SIC-SEC-350,93120,Activities of sport clubs,Consumer and retail : Leisure and tourism,Consumer and retail
SIC-SEC-351,93130,Fitness facilities,Consumer and retail : Leisure and tourism,Consumer and retail
SIC-SEC-352,93191,Activities of racehorse owners,Consumer and retail : Leisure and tourism,Consumer and retail
SIC-SEC-353,93199,Other sports activities,Consumer and retail : Leisure and tourism,Consumer and retail
SIC-SEC-414,93210,Activities of amusement parks and theme parks,Creative industries : Experience economy : Attractions,Creative industries
SIC-SEC-415,93290,Other amusement and recreation activities n.e.c.,Creative industries : Experience economy : Attractions,Creative industries
SIC-SEC-540,94110,Activities of business and employers membership organizations,Financial and professional services,Financial and professional services
SIC-SEC-541,94120,Activities of professional membership organizations,Financial and professional services,Financial and professional services
SIC-SEC-542,94200,Activities of trade unions,Financial and professional services,Financial and professional services
SIC-SEC-543,94910,Activities of religious organizations,Financial and professional services,Financial and professional services
SIC-SEC-544,94920,Activities of political organizations,Financial and professional services,Financial and professional services
SIC-SEC-545,94990,Activities of other membership organizations n.e.c.,Financial and professional services,Financial and professional services
SIC-SEC-722,95110,Repair of computers and peripheral equipment,Technology and smart cities : Hardware,Technology and smart cities
SIC-SEC-723,95120,Repair of communication equipment,Technology and smart cities : Hardware,Technology and smart cities
SIC-SEC-315,95210,Repair of consumer electronics,Consumer and retail : Electronic consumer products,Consumer and retail
SIC-SEC-332,95220,Repair of household appliances and home and garden equipment,Consumer and retail : Household goods,Consumer and retail
SIC-SEC-297,95230,Repair of footwear and leather goods,"Consumer and retail : Clothing, footwear and fashion",Consumer and retail
SIC-SEC-323,95240,Repair of furniture and home furnishings,Consumer and retail : Furniture and furnishings,Consumer and retail
SIC-SEC-340,95250,"Repair of watches, clocks and jewellery",Consumer and retail : Jewellery,Consumer and retail
SIC-SEC-333,95290,Repair of personal and household goods n.e.c.,Consumer and retail : Household goods,Consumer and retail
SIC-SEC-298,96010,Washing and (dry-)cleaning of textile and fur products,"Consumer and retail : Clothing, footwear and fashion",Consumer and retail
SIC-SEC-309,96020,Hairdressing and other beauty treatment,Consumer and retail : Cosmetics and beauty,Consumer and retail
SIC-SEC-546,96030,Funeral and related activities,Financial and professional services : Business and consumer services,Financial and professional services
SIC-SEC-354,96040,Physical well-being activities,Consumer and retail : Leisure and tourism,Consumer and retail
SIC-SEC-547,96090,Other service activities n.e.c.,Financial and professional services,Financial and professional services
SIC-SEC-283,97000,Activities of households as employers of domestic personnel,Consumer and retail,Consumer and retail
SIC-SEC-491,98000,Residents property management,Financial and professional services,Financial and professional services
SIC-SEC-282,98100,Undifferentiated goods-producing activities of private households for own use,Consumer and retail,Consumer and retail
SIC-SEC-281,98200,Undifferentiated service-producing activities of private households for own use,Consumer and retail,Consumer and retail
SIC-SEC-548,99000,Activities of extraterritorial organizations and bodies,Financial and professional services,Financial and professional services
SIC-SEC-549,99999,Dormant Company,Financial and professional services,Financial and professional services
